{
  "timestamp": "20260414_135531",
  "params": {
    "lecture_ids": [
      1
    ],
    "algorithms": [
      "cosine_similarity"
    ],
    "grouping": "duration",
    "group_duration": 30.0,
    "confidence_threshold": 0.05,
    "tolerance": 10.0
  },
  "lecture_results": [
    {
      "lecture_id": 1,
      "num_pages": 23,
      "num_segments": 68,
      "num_ground_truth": 23,
      "results": {
        "cosine_similarity": {
          "metrics": {
            "f1_score": 0.17391304347826086,
            "precision": 0.17391304347826086,
            "recall": 0.17391304347826086,
            "roc_auc": 0.5263157894736843,
            "confusion_matrix": {
              "TP": 4,
              "FP": 19,
              "FN": 19
            },
            "roc_data": {
              "fpr": [
                0.05263157894736842,
                0.10526315789473684,
                0.15789473684210525,
                0.21052631578947367,
                0.21052631578947367,
                0.21052631578947367,
                0.2631578947368421,
                0.3157894736842105,
                0.3684210526315789,
                0.42105263157894735,
                0.47368421052631576,
                0.47368421052631576,
                0.5263157894736842,
                0.5789473684210527,
                0.631578947368421,
                0.6842105263157895,
                0.7368421052631579,
                0.7894736842105263,
                0.8421052631578947,
                0.8947368421052632,
                0.9473684210526315,
                1.0,
                1.0
              ],
              "tpr": [
                0.0,
                0.0,
                0.0,
                0.0,
                0.25,
                0.5,
                0.5,
                0.5,
                0.5,
                0.5,
                0.5,
                0.75,
                0.75,
                0.75,
                0.75,
                0.75,
                0.75,
                0.75,
                0.75,
                0.75,
                0.75,
                0.75,
                1.0
              ],
              "thresholds": [
                0.7842854857444763,
                0.7626076936721802,
                0.754416286945343,
                0.7504739761352539,
                0.7471131682395935,
                0.7272542119026184,
                0.7239609956741333,
                0.7217799425125122,
                0.7183718681335449,
                0.7165378928184509,
                0.6998846530914307,
                0.6781324744224548,
                0.6766324639320374,
                0.6681753396987915,
                0.6654791235923767,
                0.6584527492523193,
                0.6575849056243896,
                0.6564239859580994,
                0.6544399857521057,
                0.6492003798484802,
                0.6217196583747864,
                0.576587438583374,
                0.5758927464485168
              ],
              "auc": 0.5263157894736843
            },
            "page_errors": [
              {
                "page": 1,
                "predicted_time": 19.375000000000004,
                "ground_truth_time": 0.0,
                "error": 19.375000000000004,
                "confidence": 0.6492003798484802,
                "is_correct": false
              },
              {
                "page": 2,
                "predicted_time": 54.75,
                "ground_truth_time": 14.0,
                "error": 40.75,
                "confidence": 0.7217799425125122,
                "is_correct": false
              },
              {
                "page": 3,
                "predicted_time": 288.1,
                "ground_truth_time": 243.0,
                "error": 45.10000000000002,
                "confidence": 0.7626076936721802,
                "is_correct": false
              },
              {
                "page": 4,
                "predicted_time": 470.53999999999996,
                "ground_truth_time": 466.0,
                "error": 4.539999999999964,
                "confidence": 0.7272542119026184,
                "is_correct": true
              },
              {
                "page": 5,
                "predicted_time": 503.53,
                "ground_truth_time": 570.0,
                "error": 66.47000000000003,
                "confidence": 0.576587438583374,
                "is_correct": false
              },
              {
                "page": 6,
                "predicted_time": 638.2850000000001,
                "ground_truth_time": 657.0,
                "error": 18.714999999999918,
                "confidence": 0.6217196583747864,
                "is_correct": false
              },
              {
                "page": 7,
                "predicted_time": 673.2950000000001,
                "ground_truth_time": 682.0,
                "error": 8.704999999999927,
                "confidence": 0.5758927464485168,
                "is_correct": true
              },
              {
                "page": 8,
                "predicted_time": 808.52,
                "ground_truth_time": 707.0,
                "error": 101.51999999999998,
                "confidence": 0.754416286945343,
                "is_correct": false
              },
              {
                "page": 9,
                "predicted_time": 842.14,
                "ground_truth_time": 911.0,
                "error": 68.86000000000001,
                "confidence": 0.6544399857521057,
                "is_correct": false
              },
              {
                "page": 10,
                "predicted_time": 1087.895,
                "ground_truth_time": 984.0,
                "error": 103.89499999999998,
                "confidence": 0.7165378928184509,
                "is_correct": false
              },
              {
                "page": 11,
                "predicted_time": 1223.01,
                "ground_truth_time": 1096.0,
                "error": 127.00999999999999,
                "confidence": 0.6998846530914307,
                "is_correct": false
              },
              {
                "page": 12,
                "predicted_time": 1258.19,
                "ground_truth_time": 1262.0,
                "error": 3.8099999999999454,
                "confidence": 0.6781324744224548,
                "is_correct": true
              },
              {
                "page": 13,
                "predicted_time": 1293.45,
                "ground_truth_time": 1322.0,
                "error": 28.549999999999955,
                "confidence": 0.6584527492523193,
                "is_correct": false
              },
              {
                "page": 14,
                "predicted_time": 1359.87,
                "ground_truth_time": 1406.0,
                "error": 46.13000000000011,
                "confidence": 0.6575849056243896,
                "is_correct": false
              },
              {
                "page": 15,
                "predicted_time": 1559.795,
                "ground_truth_time": 1437.0,
                "error": 122.79500000000007,
                "confidence": 0.6654791235923767,
                "is_correct": false
              },
              {
                "page": 16,
                "predicted_time": 1591.705,
                "ground_truth_time": 1564.0,
                "error": 27.704999999999927,
                "confidence": 0.6766324639320374,
                "is_correct": false
              },
              {
                "page": 17,
                "predicted_time": 1625.88,
                "ground_truth_time": 1700.0,
                "error": 74.11999999999989,
                "confidence": 0.7183718681335449,
                "is_correct": false
              },
              {
                "page": 18,
                "predicted_time": 1764.6350000000002,